"t / degC","P_vanndamp / atm"
16,0.01793
18,0.02036
20,0.02308
22,0.02609
24,0.02945
26,0.03317
28,0.03730
30,0.04187
